Date,Close,High,Low,Open,Volume
2020-01-02,72.7960,72.85661,71.54539,71.79987,135480400
2020-01-03,72.0883,72.85177,71.86290,72.02044,146322800
2020-01-06,72.85177,72.70149,70.95400,71.20607,118387200
2020-01-07,72.3210,72.92933,72.10043,72.67242,108872000
2020-01-08,73.4843,73.78730,72.02284,72.02284,132079200
2020-01-09,75.0452,75.23911,74.21389,74.46595,170108400
2020-01-10,75.2149,75.78203,74.71075,75.28032,140644800
2020-01-13,76.8218,76.84846,75.41363,75.53239,121532000
2020-01-14,75.7844,76.96963,75.66084,76.75877,161954400
2020-01-15,75.4597,76.46795,75.02584,75.58330,121923600
2020-01-16,76.4049,76.51640,75.64144,76.00500,108829200
2020-01-17,77.2508,77.25321,76.34675,76.65456,137816400
2020-01-21,76.7273,77.32108,76.58913,76.87755,110843200
2020-01-22,77.0012,77.55618,76.90662,77.21443,101832400
2020-01-23,77.3720,77.45195,76.50428,77.05447,104472000
2020-01-24,77.1490,78.36569,76.95752,77.61919,146537600
2020-01-27,74.8804,75.56389,73.89396,75.14944,161940000
2020-01-28,76.9987,77.17081,75.66569,75.76506,162234000
2020-01-29,78.6105,79.46120,77.89307,78.63715,216229200
2020-01-30,78.4966,78.54989,77.25563,77.68948,126743200
2020-01-31,75.0161,78.20814,74.72043,77.78399,199588400
2020-02-03,74.8101,75.98077,73.24926,73.75339,173788400
2020-02-04,77.2799,77.47135,76.01470,76.42188,136616400
2020-02-05,77.9100,78.71230,77.30412,78.41175,118826800
2020-02-06,78.8213,78.82377,77.62161,78.18149,105425600
2020-02-07,77.7500,78.56869,77.25678,78.31845,117684000
2020-02-10,78.1192,78.11923,76.24855,76.32872,109348800
2020-02-11,77.6479,78.69015,77.42926,78.61727,94323200
2020-02-12,79.4919,79.49675,78.09981,78.09981,113730400
2020-02-13,78.9258,79.25380,78.55654,78.76062,94747600
2020-02-14,78.9453,79.19549,78.43507,78.89424,80113600
2020-02-18,77.4997,77.68193,76.43319,76.61540,152531200
2020-02-19,78.6221,78.85293,77.74267,77.74267,93984000
2020-02-20,77.8155,78.87236,77.30779,78.38161,100566000
2020-02-21,76.0542,77.85200,75.43469,77.40741,129554000
2020-02-24,72.4416,73.89925,70.26721,72.21807,222195200
2020-02-25,69.9878,73.49841,69.51410,73.11456,230673600
2020-02-26,71.0981,72.36871,69.60398,69.61127,198054800
2020-02-27,66.4505,69.48251,66.31449,68.29207,320605600
2020-02-28,66.4117,67.63855,62.28402,62.50025,426510000
2020-03-02,72.5947,73.23360,67.47092,68.57876,341397200
2020-03-03,70.2891,73.85554,69.43392,73.77537,319475600
2020-03-04,73.5494,73.70977,71.21472,72.01887,219178400
2020-03-05,71.1637,72.77441,70.79684,71.79534,187572800
2020-03-06,70.2186,70.65352,68.32367,68.51073,226176800
2020-03-09,64.6649,67.56080,63.89475,64.07696,286744800
2020-03-10,69.3222,69.58942,65.44234,67.33003,285290000
2020-03-11,66.9146,68.32123,66.04726,67.39075,255598800
2020-03-12,60.3064,65.59538,60.25057,62.17956,418474000
2020-03-13,67.5317,68.00542,61.45316,64.35394,370732000
2020-03-16,58.8439,62.94241,58.30700,58.78075,322423600
2020-03-17,61.4313,62.58528,57.91829,60.13153,324056000
2020-03-18,59.9274,60.73646,57.60731,58.25112,300233600
2020-03-19,59.4683,61.42643,58.94110,60.10238,271857200
2020-03-20,55.6929,61.18105,55.39165,60.05135,401693200
2020-03-23,54.5098,55.51313,51.65272,55.41109,336752800
2020-03-24,59.9785,60.17526,56.92221,57.42268,287531200
2020-03-25,59.6481,62.74076,59.35167,60.91867,303602000
2020-03-26,62.7869,62.84523,59.85214,59.89102,252087200
2020-03-27,60.1874,62.16255,60.01977,61.40456,204216800
2020-03-30,61.9050,62.07752,60.59069,60.91624,167976400
2020-03-31,61.7787,63.77086,61.22236,62.09696,197002000
2020-04-01,58.5281,60.42549,58.09564,59.88615,176218400
2020-04-02,59.5047,59.55817,57.55387,58.38961,165934000
2020-04-03,58.6496,59.69179,58.05676,58.98725,129880000
2020-04-06,63.7660,63.92148,60.58584,60.95511,201820400
2020-04-07,63.0274,66.00838,62.92297,65.78972,202887200
2020-04-08,64.6406,64.95643,63.46475,63.83159,168895200
2020-04-09,65.1070,65.61238,64.30776,65.27954,161834800
2020-04-13,66.3849,66.49428,64.58229,65.18480,131022800
2020-04-14,69.7376,70.02914,67.55109,68.02484,194994800
2020-04-15,69.1011,69.56270,68.17791,68.60792,131154400
2020-04-16,69.6501,70.01698,68.59575,69.81776,157125200
2020-04-17,68.7051,69.71332,67.26199,69.16426,215250000
2020-04-20,67.2790,68.43298,67.25956,67.52680,130015200
2020-04-21,65.1994,67.35672,64.48509,67.12106,180991600
2020-04-22,67.0774,67.51465,66.12987,66.47241,116862400
2020-04-23,66.8174,68.44999,66.77852,67.02146,124814400
2020-04-24,68.7464,68.75611,67.29600,67.34460,126161200
2020-04-27,68.7950,69.12783,68.01270,68.46215,117087600
2020-04-28,67.6799,69.44121,67.58754,69.25900,112004800
2020-04-29,69.9028,70.37414,68.96991,69.17399,137280800
2020-04-30,71.3775,71.55482,70.05341,70.44455,183064000
2020-05-01,70.2284,72.64081,69.44607,69.54325,240616800
2020-05-04,71.2220,71.35078,69.56027,70.25266,133568000
2020-05-05,72.2910,73.12670,71.53783,71.68360,147751200
2020-05-06,73.0368,73.67090,72.60922,72.99551,142333600
2020-05-07,73.7924,74.13978,73.36235,73.66603,115215200
2020-05-08,75.5488,75.60234,74.12611,74.45497,133838400
2020-05-11,76.7375,77.23446,74.84471,75.05422,145946400
2020-05-12,75.8605,77.87759,75.73875,77.42448,162301200
2020-05-13,74.9446,76.96652,73.86300,76.04082,200622400
2020-05-14,75.4050,75.46591,73.45375,74.17969,158929200
2020-05-15,74.9592,75.00552,73.13221,73.16632,166348400
2020-05-18,76.7253,77.10050,75.59503,76.28930,135178400
2020-05-19,76.2820,77.59259,76.25034,76.74241,101729600
2020-05-20,77.7655,77.83618,77.10537,77.14435,111504800
2020-05-21,77.1858,78.16992,76.94703,77.62668,102688800
2020-05-22,77.6827,77.76554,76.82036,76.92267,81803200
2020-05-26,77.1565,78.98597,77.10049,78.80571,125522000
2020-05-27,77.4927,77.63886,76.26981,77.01281,112945200
2020-05-28,77.5268,78.79111,76.88857,77.16627,133560800
2020-05-29,77.4513,78.23327,77.09321,77.77043,153532400
2020-06-01,78.4038,78.52560,77.27347,77.40502,80791200
2020-06-02,78.7668,78.79113,77.69248,78.13584,87642800
2020-06-03,79.2004,79.46346,78.51340,79.08831,104491200
2020-06-04,78.5183,79.32216,78.14312,79.02253,87560400
2020-06-05,80.7546,80.81546,78.73996,78.76919,137250400
2020-06-08,81.2320,81.26613,79.73630,80.45005,95654400
2020-06-09,83.7972,84.19179,80.87879,80.91046,147712400
2020-06-10,85.9531,86.42322,84.30874,84.74966,166651600
2020-06-11,81.8264,85.51945,81.72411,85.09314,201662400
2020-06-12,82.5329,84.72530,81.41717,83.97500,200146000
2020-06-15,83.5535,84.20884,81.01763,81.18085,138808800
2020-06-16,85.7679,86.04076,83.97500,85.61689,165428800
2020-06-17,85.6486,86.57668,85.52675,86.51578,114406400
2020-06-18,85.6826,86.10164,85.07119,85.60469,96820400
2020-06-19,85.1930,86.85926,84.07975,86.39155,264476000
2020-06-22,87.4220,87.56571,85.54136,85.58765,135445200
2020-06-23,89.2880,90.71307,88.25023,88.67167,212155600
2020-06-24,87.7119,89.83852,87.33671,88.91526,192623200
2020-06-25,88.8763,88.91527,87.10530,87.86778,137522400
2020-06-26,86.1455,88.99324,85.99691,88.77156,205256800
2020-06-29,88.1309,88.22589,85.57305,86.05294,130646000
2020-06-30,88.8665,89.15400,87.69725,87.71674,140223200
2020-07-01,88.6985,89.49017,88.64975,88.94451,110737200
2020-07-02,88.6985,90.24779,88.58398,89.60955,114041600
2020-07-06,91.0712,91.54132,90.10162,90.13329,118655600
2020-07-07,90.7886,92.23316,90.67653,91.45119,112424400
2020-07-08,92.9031,92.93473,91.68261,91.77031,117092000
2020-07-09,93.3026,93.85312,92.25021,93.79953,125642800
2020-07-10,93.4658,93.52427,92.28189,92.89577,90257200
2020-07-13,93.0346,97.39754,92.82023,94.77636,191649200
2020-07-14,94.5742,94.76661,91.47553,92.41340,170989200
2020-07-15,95.2246,96.70815,94.02121,96.45724,153198000
2020-07-16,94.0529,94.91281,93.45119,94.09186,110577600
2020-07-17,93.8629,94.66188,93.38783,94.50598,92186800
2020-07-20,95.8410,95.97981,93.60467,93.95059,90318000
2020-07-21,94.5182,96.71059,94.26725,96.63507,103433200
2020-07-22,94.7837,95.46820,94.13082,94.21851,89001600
2020-07-23,90.4695,94.59367,89.65583,94.51572,197004400
2020-07-24,90.2454,90.59127,86.86414,88.65950,185438800
2020-07-27,92.3842,92.47676,91.08823,91.31234,121214000
2020-07-28,90.8665,92.13085,90.86167,91.95302,103625600
2020-07-29,92.6083,92.79346,91.31479,91.35133,90329200
2020-07-30,93.7289,93.83363,91.36836,91.77762,158130000
2020-07-31,103.5412,103.69225,98.24527,100.25257,374336800
2020-08-03,106.1502,108.78114,105.13196,105.43159,308151200
2020-08-04,106.8591,107.95534,105.61431,106.34025,173071600
2020-08-05,107.2464,107.56800,106.11125,106.57897,121776800
2020-08-06,110.9882,111.48515,106.98823,107.58019,202428800
2020-08-07,108.4648,110.96622,107.66432,110.50742,198045600
2020-08-10,110.0413,111.06383,107.37878,109.91683,212403600
2020-08-11,106.7687,109.80214,106.50756,109.30186,187902400
2020-08-12,110.3171,110.57575,107.66921,107.86444,165598000
2020-08-13,112.2694,113.27730,111.21269,111.70322,210082000
2020-08-14,112.1693,112.25964,110.35122,112.09369,165565200
2020-08-17,111.8765,113.32124,111.24688,113.29683,119561600
2020-08-18,112.8087,113.23581,111.29079,111.62757,105633600
2020-08-19,112.9503,114.37062,112.85511,113.21874,145538000
2020-08-20,115.4566,115.57133,112.97472,112.99180,126907200
2020-08-21,121.4064,121.89201,116.40837,116.42057,338054800
2020-08-24,122.8584,125.71616,120.98417,125.63074,345937600
2020-08-25,121.8505,122.19707,120.12026,121.72607,211495600
2020-08-26,123.5076,123.96639,122.10190,123.17325,163022400
2020-08-27,122.0311,124.44713,120.88167,124.11280,155552400
2020-08-28,121.8335,123.42949,121.60894,123.00974,187630000
2020-08-31,125.9651,127.87838,122.99753,124.53988,225702700
2020-09-01,130.9826,131.58783,127.41957,129.59643,151948100
2020-09-02,128.2688,134.69205,123.97370,134.31134,200119000
2020-09-03,117.9995,125.76983,117.62857,123.88583,257599600
2020-09-04,118.0776,120.75234,108.24759,117.20884,332607200
2020-09-08,110.1316,116.15456,109.99493,111.23466,231366600
2020-09-09,114.5244,116.30101,112.51347,114.46582,176940500
2020-09-10,110.7856,117.62859,109.81922,117.49193,182274400
2020-09-11,109.3311,112.48417,107.37879,111.83989,180860300
2020-09-14,112.6111,113.16751,110.11210,111.98634,140150100
2020-09-15,112.7868,115.99838,110.90276,115.51029,184642000
2020-09-16,109.4580,113.23583,109.37019,112.48418,154679000
2020-09-17,107.7107,109.52637,106.11954,107.10547,178011000
2020-09-18,104.2941,108.23784,103.56198,107.76928,287104900
2020-09-21,107.4569,107.56429,100.64323,102.04892,195713800
2020-09-22,109.1457,110.17064,106.55881,109.99493,183055400
2020-09-23,104.5674,109.43853,104.22577,108.96021,150718700
2020-09-24,105.6412,107.62282,102.49793,102.66387,167743300
2020-09-25,109.6045,109.76066,105.10432,105.84621,149981400
2020-09-28,112.2206,112.57203,110.09255,112.26942,137672400
2020-09-29,111.3713,112.56228,110.86374,111.82039,99382200
2020-09-30,113.0504,114.46581,110.91254,111.07849,142675200
2020-10-01,114.0070,114.91482,113.06986,114.83672,116120400
2020-10-02,110.3268,112.62083,109.54589,110.19992,144712000
2020-10-05,113.7239,113.87034,110.84421,111.19564,106243800
2020-10-06,110.4635,113.35294,109.57516,112.94295,161498200
2020-10-07,112.3377,112.79654,111.41037,111.88870,96849000
2020-10-08,112.2303,113.62627,111.85940,113.47984,83477200
2020-10-09,114.1827,114.21198,112.18154,112.53296,100506900
2020-10-12,121.4357,122.19707,116.43766,117.19908,240226800
2020-10-13,118.2143,122.40207,116.79885,122.28493,262330500
2020-10-14,118.3022,120.09831,116.76957,118.11668,150712000
2020-10-15,117.8336,118.31189,115.33458,115.89099,112559200
2020-10-16,116.1838,118.65356,115.97885,118.38999,115393800
2020-10-19,113.2163,117.55049,112.90393,117.10146,120639300
2020-10-20,114.7098,116.14481,112.87463,113.43105,124423700
2020-10-21,114.0851,115.88126,113.67511,113.88987,89946000
2020-10-22,112.9918,115.22720,111.85941,114.65126,101988000
2020-10-23,112.2987,113.77272,111.55681,113.61653,82572600
2020-10-26,112.3085,113.77272,110.19017,111.29325,111850700
2020-10-27,113.8215,114.48533,111.81062,112.73798,92276800
2020-10-28,108.5502,112.67940,108.45258,112.30846,143937800
2020-10-29,112.5720,114.14366,109.52637,109.69232,146129200
2020-10-30,106.2660,109.32136,105.15312,108.41353,190272600
2020-11-02,106.1781,108.04260,104.76266,106.51001,122866900
2020-11-03,107.8083,108.83329,106.13906,107.04690,107624400
2020-11-04,112.2108,112.83557,109.67278,111.42013,138235500
2020-11-05,116.1936,116.76958,114.08511,115.13937,126387100
2020-11-06,116.0616,116.56030,113.55829,115.69979,114457900
2020-11-09,113.7441,119.28853,113.48008,117.83153,154515300
2020-11-10,113.4019,114.98598,111.60260,112.99116,138023400
2020-11-11,116.8439,116.98078,113.86143,114.59482,112295000
2020-11-12,116.5701,117.86087,115.94427,116.97102,103162300
2020-11-13,116.6190,117.01991,115.25978,116.79501,81581900
2020-11-16,117.6360,118.31068,115.53357,116.28652,91183000
2020-11-17,116.7461,117.99775,116.32562,116.90256,74271000
2020-11-18,115.4162,117.16659,115.38689,115.98339,76322100
2020-11-19,116.0127,116.42341,114.22323,114.98596,74113000
2020-11-20,114.7415,116.13983,114.69260,116.01271,73604300
2020-11-23,111.3288,115.01531,111.23100,114.58505,127959300
2020-11-24,112.6196,113.28450,110.09669,111.38747,113874200
2020-11-25,113.4605,114.16457,112.61955,112.99114,76499200
2020-11-27,114.0081,114.88817,113.64630,113.98855,46691300
2020-11-30,116.4136,118.29112,114.22324,114.37970,169410200
2020-12-01,120.0024,120.73576,117.35238,118.33023,127728200
2020-12-02,120.3544,120.63798,118.21290,119.31787,89004200
2020-12-03,120.2175,121.03890,119.50367,120.78466,78967600
2020-12-04,119.5428,120.13925,118.82893,119.88501,78260400
2020-12-07,121.0096,121.81139,119.54277,119.60144,86712000
2020-12-08,121.6256,122.21231,120.36416,121.61582,82225500
2020-12-09,119.0832,123.16083,118.32045,121.77228,115089200
2020-12-10,120.5108,121.12689,117.48927,117.83151,81312200
2020-12-11,119.6992,120.04147,117.88041,119.71877,86939800
2020-12-14,119.0832,120.61841,118.84849,119.88502,79184500
2020-12-15,125.0481,125.06767,121.38115,121.58650,157243700
2020-12-16,124.9796,125.52724,123.75733,124.58851,98208600
2020-12-17,125.8499,126.71045,125.20455,126.04551,94359800
2020-12-18,123.8551,126.24109,123.32708,126.10419,192541500
2020-12-21,125.3904,125.46859,120.71621,122.25144,121251600
2020-12-22,128.9595,131.43349,126.77889,128.69549,168904800
2020-12-23,128.0599,129.49732,127.88387,129.23331,88223700
2020-12-24,129.0475,130.50449,128.19676,128.41189,54930100
2020-12-28,133.6630,134.29859,130.55341,131.02279,124486200
2020-12-29,131.8833,135.71647,131.36502,134.99287,121047300
2020-12-30,130.7588,132.97852,130.44587,132.57760,96452100
2020-12-31,129.7516,131.75619,128.80307,131.11080,99116600
2021-01-04,126.5442,130.65118,123.95288,130.56318,143301900
2021-01-05,128.1088,128.82261,125.58590,126.03572,97664900
2021-01-06,123.7964,128.14791,123.58132,124.89165,155088000
2021-01-07,128.0208,128.71507,125.02855,125.51748,109578200
2021-01-08,129.1257,129.69289,127.34603,129.49731,105158200
2021-01-11,126.1237,127.28740,125.65438,126.32910,100384500
2021-01-12,125.9477,126.81801,124.05068,125.65436,91951100
2021-01-13,127.9914,128.53904,125.64460,125.90861,88636800
2021-01-14,126.0553,128.09900,125.90860,127.90344,90221800
2021-01-15,124.3245,127.33629,124.18759,125.92818,111598500
2021-01-19,124.9992,125.85973,124.12892,124.95032,90757300
2021-01-20,129.1062,129.55604,125.70328,125.81085,104319500
2021-01-21,133.8390,136.57700,130.63164,130.83700,120150900
2021-01-22,135.9903,136.75304,132.02999,133.26209,114459400
2021-01-25,139.7551,141.87699,133.51633,139.90174,157611700
2021-01-26,139.9897,141.10450,138.23938,140.42000,98390600
2021-01-27,138.9141,141.10451,137.30065,140.25377,140843800
2021-01-28,134.0541,138.84561,133.67274,136.43030,142621100
2021-01-29,129.0377,133.71188,127.32649,132.82203,177523800
2021-02-01,131.1695,132.38203,128.03056,130.78812,106239800
2021-02-02,132.0006,133.29140,131.62905,132.72424,83305400
2021-02-03,130.9739,132.76338,130.65121,132.75360,89880900
2021-02-04,134.3475,134.35728,131.60951,133.28165,84183100
2021-02-05,133.9313,134.57764,133.04991,134.50910,75693800
2021-02-08,134.0782,134.12712,132.12931,133.21635,71297200
2021-02-09,133.1968,135.02811,133.04010,133.79416,76774200
2021-02-10,132.5896,134.15654,131.62010,133.65708,73046600
2021-02-11,132.3350,133.56894,131.00314,133.08907,64280000
2021-02-12,132.5701,132.72675,130.92481,131.57116,60145100
2021-02-16,130.4351,133.19680,130.04340,132.68757,80576300
2021-02-17,128.1337,129.48517,126.79205,128.53524,97918500
2021-02-18,127.0271,127.31111,124.77468,126.52765,96856700
2021-02-19,127.1838,128.00644,126.13594,127.54616,87668800
2021-02-22,123.3938,127.03688,123.00209,125.36224,103916400
2021-02-23,123.2568,124.08917,115.94126,121.20019,158273000
2021-02-24,122.7573,122.96295,119.70183,122.35578,111039900
2021-02-25,118.4875,123.84434,118.04679,122.10116,148199500
2021-02-26,118.7519,122.26763,118.69312,120.05437,164560400
2021-03-01,125.1468,125.28392,120.25023,121.19037,116307900
2021-03-02,122.5321,126.05760,122.42433,125.75401,102260900
2021-03-03,119.5353,123.10984,119.31988,122.22845,112966300
2021-03-04,117.6453,121.04350,116.16651,119.23177,178155000
2021-03-05,118.9086,119.41783,115.13821,118.47768,153766600
2021-03-08,113.9532,118.49724,113.80632,118.42869,154376600
2021-03-09,118.5854,119.53535,116.33299,116.56802,129525800
2021-03-10,117.4984,119.64307,116.97933,119.17300,111943300
2021-03-11,119.4374,120.66155,118.75189,120.00541,103026500
2021-03-12,118.5266,118.66373,116.69531,117.90966,88105100
2021-03-15,121.4254,121.43521,117.92926,118.89878,92403800
2021-03-16,122.9727,124.58862,122.14033,123.10006,115227900
2021-03-17,122.1795,123.25673,119.80953,121.48417,111932600
2021-03-18,118.0370,120.63218,117.83133,120.33838,121229700
2021-03-19,117.5081,118.91837,117.20456,117.42001,185549500
2021-03-22,120.8378,121.30792,117.77259,117.84114,111912300
2021-03-23,120.0054,121.67024,119.61368,120.77907,95467100
2021-03-24,117.6061,120.35796,117.58650,120.27962,88530500
2021-03-25,118.0957,119.14362,116.53864,117.06747,98844700
2021-03-26,118.7029,118.96733,116.46028,117.86070,94071200
2021-03-29,118.8792,120.04459,118.23286,119.13383,80819200
2021-03-30,117.4200,117.90967,116.40152,117.62567,85671900
2021-03-31,119.6235,120.96513,118.64416,119.13382,118323800
2021-04-01,120.4559,121.61149,119.95644,121.10225,75089100
2021-04-05,123.2959,123.55053,120.52444,121.30790,88651200
2021-04-06,123.5995,124.50047,123.05109,123.88351,80171300
2021-04-07,125.2545,125.27413,122.55163,123.22736,83466700
2021-04-08,127.6637,127.69303,125.86171,126.28281,88844600
2021-04-09,130.2491,130.28824,126.79208,127.11526,106686700
2021-04-12,128.5254,130.10214,127.92805,129.77896,91420000
2021-04-13,131.6494,131.87468,129.20114,129.70060,91266500
2021-04-14,129.2991,132.20770,128.93679,132.14895,87222800
2021-04-15,131.7180,132.20768,130.87581,131.05209,89347100
2021-04-16,131.3851,131.88453,130.52328,131.52219,84922400
2021-04-19,132.0510,132.66797,130.58202,130.74850,94264200
2021-04-20,130.3568,132.72674,129.08368,132.22729,94812300
2021-04-21,130.7387,130.98352,128.58420,129.62227,68847100
2021-04-22,129.2110,131.37525,128.69193,130.28821,84566500
2021-04-23,131.5418,132.32520,129.42644,129.42644,78657500
2021-04-26,131.9335,132.26645,130.79748,132.04121,66905100
2021-04-27,131.6103,132.60920,131.33608,132.21746,66015800
2021-04-28,130.8171,132.22728,130.32740,131.53196,107760100
2021-04-29,130.7191,134.23487,129.71042,133.64728,151101000
2021-04-30,128.7409,130.79748,128.35899,129.05429,109839500
2021-05-03,129.7986,131.29692,129.10325,129.30890,75135100
2021-05-04,125.2056,128.77031,124.07937,128.47651,137564700
2021-05-05,125.4504,127.75178,125.32308,126.52763,84000900
2021-05-06,127.0565,127.06630,124.50049,125.24477,78128300
2021-05-07,127.7333,128.76335,127.01720,128.36116,78973300
2021-05-10,124.4373,127.07610,124.39803,126.94858,88071200
2021-05-11,123.5152,123.86830,120.43487,121.15099,126142800
2021-05-12,120.4349,122.26931,119.92477,121.05290,112172300
2021-05-13,122.5930,123.75060,121.89655,122.21046,105861300
2021-05-14,125.0259,125.45750,123.45630,123.84869,81918000
2021-05-17,123.8683,124.51575,122.78923,124.40784,74244600
2021-05-18,122.4753,124.57461,122.40664,124.15279,63342900
2021-05-19,122.3184,122.54397,120.52316,120.81745,92612000
2021-05-20,124.8885,125.29072,122.72056,122.84809,76857100
2021-05-21,123.0443,125.56541,122.82847,125.38883,79295400
2021-05-24,124.6825,125.50654,123.54458,123.61325,63092900
2021-05-25,124.4863,125.87932,123.91735,125.38882,72009500
2021-05-26,124.4373,124.96700,124.01545,124.54518,56575900
2021-05-27,122.8971,125.21225,122.70094,124.03507,94625600
2021-05-28,122.2399,123.40724,122.18101,123.18161,71311100
2021-06-01,121.9161,122.96579,121.58262,122.70093,67637100
2021-06-02,122.6813,122.85791,121.69055,121.91617,59278900
2021-06-03,121.1902,122.47530,120.78802,122.30854,76229200
2021-06-04,123.4955,123.76041,121.49434,121.71015,75169300
2021-06-07,123.5053,123.91735,122.45569,123.77020,71057600
2021-06-08,124.3294,126.01665,123.80944,124.19202,74403800
2021-06-09,124.7119,125.32014,124.11353,124.79041,56877900
2021-06-10,123.7114,125.75180,123.54459,124.60404,71186400
2021-06-11,124.9278,125.01606,123.70154,124.12336,53522400
2021-06-14,127.9982,128.05710,124.65311,125.38884,96906500
2021-06-15,127.1742,128.11597,126.92898,127.46852,62746300
2021-06-16,127.6745,128.40042,126.01665,127.89031,91815000
2021-06-17,129.2833,130.02886,127.18401,127.33117,96721700
2021-06-18,127.9786,129.00862,127.76278,128.22384,108953300
2021-06-21,129.7836,129.89154,126.75241,127.82167,79663300
2021-06-22,131.4316,131.52974,129.11653,129.61684,74783600
2021-06-23,131.1570,131.76518,130.69591,131.22564,60214200
2021-06-24,130.8725,132.07911,130.40163,131.89273,68711000
2021-06-25,130.5782,131.34335,130.28389,130.92153,70783700
2021-06-28,132.2164,132.67746,130.81361,130.87246,62111300
2021-06-29,133.7370,133.89391,131.79462,132.23606,64556100
2021-06-30,134.3550,134.79642,133.28570,133.58000,63261400
2021-07-01,134.6591,134.71793,133.17778,134.00182,52485800
2021-07-02,137.2980,137.33719,135.12999,135.27713,78852600
2021-07-06,139.3187,140.42724,137.40583,137.40583,108181800
2021-07-07,141.8202,142.13414,139.94656,140.80981,104911600
2021-07-08,140.5155,141.31991,137.99439,138.88709,105575500
2021-07-09,142.3500,142.87968,139.93674,140.03485,99890800
2021-07-12,141.7516,143.53698,141.26110,143.42907,76299700
2021-07-13,142.8699,144.65526,140.89811,141.29050,100827100
2021-07-14,146.3131,146.72509,144.87102,145.28305,127050800
2021-07-15,145.6559,147.14695,144.29229,146.40141,106820300
2021-07-16,143.6056,146.91150,143.10531,145.63624,93251400
2021-07-19,139.7405,141.32972,138.97536,141.01580,121434600
2021-07-20,143.3702,144.30212,140.24087,140.73136,96350000
2021-07-21,142.6345,143.35059,141.87912,142.76199,74993500
2021-07-22,144.0078,145.38118,143.03664,143.16417,77338200
2021-07-23,145.7343,145.89129,144.12552,144.74355,71447400
2021-07-26,146.1562,146.98021,144.89072,145.44988,72434100
2021-07-27,143.9784,146.37200,142.78161,146.28370,104818600
2021-07-28,142.2224,144.17458,139.82883,142.05566,118931200
2021-07-29,142.8699,143.76257,141.83004,141.93795,56699500
2021-07-30,143.0857,143.54674,141.36896,141.63383,70440600
2021-08-02,142.7522,144.15496,142.48730,143.57619,62880000
2021-08-03,144.5572,145.22425,142.41865,143.03667,64786600
2021-08-04,144.1550,144.97897,143.49770,144.46887,56368300
2021-08-05,144.2629,145.02804,143.38981,144.18440,46397700
2021-08-06,143.5751,144.52813,143.07411,143.78147,54126800
2021-08-09,143.5260,144.12533,142.96604,143.63410,48908700
2021-08-10,143.0447,145.11765,142.74994,143.86993,69023100
2021-08-11,143.3001,144.14499,142.97587,143.48675,48493500
2021-08-12,146.2769,146.43407,143.28040,143.62426,72282600
2021-08-13,146.4832,146.81724,145.66778,146.35549,59375000
2021-08-16,148.4677,148.53652,143.89936,145.93302,103296000
2021-08-17,147.5541,149.01792,146.47338,147.59337,92229700
2021-08-18,143.7913,148.07475,143.58495,147.17090,86326000
2021-08-19,144.1253,145.40251,141.96393,142.48463,86960300
2021-08-20,145.5892,145.89374,144.20393,144.85235,60549600
2021-08-23,147.0825,147.55408,145.29444,145.70707,60131800
2021-08-24,146.9941,148.21232,146.53233,146.82706,48606400
2021-08-25,145.7562,147.68183,145.20606,147.18077,58991300
2021-08-26,144.9506,146.50286,144.92112,145.74639,48597200
2021-08-27,145.9920,146.13937,144.25306,144.89165,55802400
2021-08-30,150.4326,150.79615,146.00179,146.38495,90956700
2021-08-31,149.1653,150.11828,148.63477,149.98073,86453100
2021-09-01,149.8333,152.25998,149.66631,150.14772,80313700
2021-09-02,150.9533,152.00455,149.72526,151.16946,71115500
2021-09-03,151.5919,151.91616,150.40318,151.06142,57808700
2021-09-07,153.9400,154.49999,151.68037,152.25019,82278300
2021-09-08,152.3877,154.28385,151.27755,154.22490,74420200
2021-09-09,151.3660,153.37019,151.24809,152.76107,57305700
2021-09-10,146.3555,152.75121,146.09020,152.27964,140893200
2021-09-13,146.9253,148.76247,146.13933,147.98634,102404300
2021-09-14,145.5204,148.41865,144.33166,147.71129,109296300
2021-09-15,146.4144,146.81724,143.80111,145.95268,83281300
2021-09-16,146.1786,146.35550,144.63621,145.83480,68034100
2021-09-17,143.4966,146.20812,143.20181,146.20812,129868800
2021-09-20,140.4313,142.29797,138.79063,141.27623,123478900
2021-09-21,140.9127,142.06218,140.27412,141.40393,75834000
2021-09-22,143.2903,143.86008,141.17799,141.91483,76404300
2021-09-23,144.2531,144.49866,143.08393,144.07620,64838200
2021-09-24,144.3415,144.88181,143.00533,143.10358,53477900
2021-09-27,142.8187,143.39835,141.29591,142.91695,74150700
2021-09-28,139.4194,142.20957,139.20328,140.73590,108972300
2021-09-29,140.3232,141.91481,139.53728,139.96956,74602000
2021-09-30,139.0166,141.84608,138.80048,141.13871,89056700
2021-10-01,140.1464,140.41167,136.66854,139.40957,94639600
2021-10-04,136.6980,139.71411,135.84326,139.27199,98322000
2021-10-05,138.6334,139.74361,136.91415,137.04187,80861100
2021-10-06,139.5078,139.65519,135.94153,137.02223,83221100
2021-10-07,140.7752,141.68889,140.21522,140.54925,61732700
2021-10-08,140.3920,141.64956,140.05800,141.50220,58773200
2021-10-11,140.3036,142.26852,139.32117,139.77310,64452200
2021-10-12,139.0264,140.73590,138.56468,140.71624,73035900
2021-10-13,138.4370,138.91834,136.75696,138.76116,78762700
2021-10-14,141.2369,141.35483,139.02641,139.61589,69907100
2021-10-15,142.2980,142.35690,140.99130,141.24675,67940300
2021-10-18,143.9780,144.26287,140.64746,140.93237,85589200
2021-10-19,146.1492,146.55198,143.97797,144.42988,76378900
2021-10-20,146.6404,147.12180,145.52040,146.09023,58418800
2021-10-21,146.8565,147.01372,145.27478,146.19828,61421000
2021-10-22,146.0804,147.54425,146.03129,147.06286,58883400
2021-10-25,146.0313,146.74846,145.02918,146.07057,50720600
2021-10-26,146.6994,148.19267,146.39478,146.70918,60893400
2021-10-27,146.2376,147.10217,145.88394,146.73867,56094900
2021-10-28,149.8923,150.48176,147.09232,147.19057,100077900
2021-10-29,147.1709,147.30846,143.84041,144.63619,124953200
2021-11-01,146.3457,147.07268,145.20603,146.37514,74588300
2021-11-02,147.3871,148.90988,146.04112,146.05095,69122000
2021-11-03,148.8313,149.30286,147.19059,147.75058,54511500
2021-11-04,148.3106,149.75478,147.99620,148.91971,60394600
2021-11-05,148.8419,149.74703,147.64152,149.44203,65463900
2021-11-08,148.0154,149.12720,147.73993,148.96978,55020900
2021-11-09,148.3794,148.98943,147.64151,147.77926,56787900
2021-11-10,145.5360,147.71040,145.46715,147.60217,65187100
2021-11-11,145.4868,147.02169,145.29989,146.55928,41000000
2021-11-12,147.5726,147.97603,145.10309,146.03778,63804000
2021-11-15,147.5825,149.43219,147.02167,147.94652,59222800
2021-11-16,148.5664,149.04848,146.93313,147.52346,59256200
2021-11-17,151.0163,152.50191,148.55654,148.56638,88807000
2021-11-18,155.3257,156.11276,150.58334,151.23271,137827700
2021-11-19,157.9625,158.42489,154.00725,155.10919,117305600
2021-11-22,158.4249,163.02945,158.40520,159.07423,117467900
2021-11-23,158.8086,159.19232,156.49648,158.52327,96041900
2021-11-24,159.3301,159.52684,157.06713,158.15924,69463600
2021-11-26,154.2827,157.86408,153.84000,156.99827,76959800
2021-11-29,157.6574,158.59213,156.23080,156.80145,88748200
2021-11-30,162.6359,162.85235,157.34260,157.41148,174048100
2021-12-01,162.1144,167.55531,161.87830,164.78076,152052500
2021-12-02,161.1207,161.55359,155.25675,156.18160,136739200
2021-12-03,159.2317,162.30140,157.14585,161.37655,118023100
2021-12-06,162.6556,165.17432,161.63233,161.64217,107497000
2021-12-07,168.4211,168.81470,165.62692,166.35500,120405400
2021-12-08,172.2583,173.12411,167.94887,169.35583,116998900
2021-12-09,171.7466,173.90133,171.11694,172.09099,108923700
2021-12-10,176.5578,176.73495,171.87457,172.38619,115402700
2021-12-13,172.9076,179.19465,172.70102,178.20092,153237000
2021-12-14,171.5203,174.87537,169.43450,172.42550,139380400
2021-12-15,176.4103,176.60705,169.53293,172.28780,131063300
2021-12-16,169.4837,178.22061,167.99806,176.39058,150185800
2021-12-17,168.3818,170.67422,166.95515,167.19127,195432700
2021-12-20,167.0142,167.83080,164.76109,165.56787,107499100
2021-12-21,170.2020,170.40859,166.39434,168.79502,91185900
2021-12-22,172.8093,173.02572,169.37551,170.25116,92135300
2021-12-23,173.4389,173.99975,172.44522,173.01587,68356600
2021-12-27,177.4237,177.51224,174.21624,174.23590,74919600
2021-12-28,176.4004,178.40757,175.65269,177.25643,79144300
2021-12-29,176.4890,177.71885,175.26898,176.43980,62348900
2021-12-30,175.3280,177.65983,175.21979,176.57755,59773000
2021-12-31,174.7082,176.34141,174.40316,175.21978,64062300
2022-01-03,179.0766,179.93260,174.84593,174.96399,104487900
2022-01-04,176.8038,179.99160,176.23316,179.68660,99310400
2022-01-05,172.1009,177.26629,171.82542,176.71532,94537600
2022-01-06,169.2279,172.47474,168.87372,169.91664,96904000
2022-01-07,169.3952,171.33342,168.27355,170.10357,86709100
2022-01-10,169.4148,169.71984,165.45963,166.35496,106765600
2022-01-11,172.2583,172.35666,168.06695,169.54277,76138300
2022-01-12,172.7010,174.32444,172.00249,173.28152,74805200
2022-01-13,169.4148,173.77344,169.02128,172.94698,84505800
2022-01-14,170.2807,170.97923,168.33259,168.57856,80440800
2022-01-18,167.0634,169.75920,166.67966,168.74580,90956700
2022-01-19,163.5509,168.32276,163.26560,167.26016,94815000
2022-01-20,161.8586,166.94532,161.53396,164.28884,91420500
2022-01-21,159.7925,163.64930,159.68425,161.77008,122848900
2022-01-24,159.0152,159.68425,152.20673,157.44099,162294600
2022-01-25,157.2049,160.13683,154.48935,156.41775,115798400
2022-01-26,157.1163,161.74058,155.27648,160.86493,108275300
2022-01-27,156.6539,161.19944,155.72905,159.83184,121954600
2022-01-28,167.5849,167.60454,160.17621,163.03932,179935700
2022-01-31,171.9631,172.17956,166.77804,167.41757,115541600
2022-02-01,171.7958,172.02213,169.53290,171.20550,86213900
2022-02-02,173.0060,173.04539,170.53649,171.93360,84914300
2022-02-03,170.1134,173.39958,169.34598,171.66794,89418100
2022-02-04,169.8277,171.51232,168.14314,169.12827,82465400
2022-02-07,169.1086,171.36454,168.40913,170.29074,77251200
2022-02-08,172.2315,172.74374,168.88199,169.17753,74829200
2022-02-09,173.6599,174.02439,172.30040,173.43332,71285000
2022-02-10,169.5617,172.87180,169.00022,171.55172,90865900
2022-02-11,166.1335,170.50749,165.54240,169.76864,98670700
2022-02-14,166.3699,167.05953,164.08441,164.88237,86185500
2022-02-15,170.2218,170.37938,167.71952,168.42882,62527400
2022-02-16,169.9854,170.76362,167.52252,169.29577,61177400
2022-02-17,166.3699,169.35490,165.96602,168.48797,69589300
2022-02-18,164.8134,168.00522,163.71988,167.29593,82772700
2022-02-22,161.8777,164.21247,159.73994,162.52788,91162800
2022-02-23,157.6909,163.68049,157.37562,163.07956,90009200
2022-02-24,160.3212,160.42955,149.74081,150.31219,141147500
2022-02-25,162.3998,162.66579,158.47896,161.40481,91974200
2022-02-28,162.6658,162.96133,160.01577,160.63641,95056600
2022-03-01,160.7743,164.12378,159.56259,162.25201,83474400
2022-03-02,164.0844,164.87249,160.52804,161.94664,79724800
2022-03-03,163.7593,166.39945,163.08939,165.96599,76678400
2022-03-04,160.7448,163.08940,159.69068,162.04515,83737200
2022-03-07,156.9323,162.56728,156.67615,160.93195,96418800
2022-03-08,155.0999,160.45909,153.48432,156.45944,131148300
2022-03-09,160.5280,160.98122,157.04067,159.07989,91454900
2022-03-10,156.1639,158.00610,153.66164,157.81892,105342000
2022-03-11,152.4302,156.91261,152.20366,156.56781,96970100
2022-03-14,148.3813,151.82927,147.86903,149.19895,108732100
2022-03-15,152.7849,153.25773,148.14487,148.65713,92964300
2022-03-16,157.2180,157.62187,152.16422,154.71572,102300200
2022-03-17,158.2327,158.60702,155.28712,156.25255,75615400
2022-03-18,161.5427,162.03531,157.38546,158.12431,123511700
2022-03-21,162.9219,163.87752,160.58715,161.07972,95811400
2022-03-22,166.3108,166.90188,162.45892,163.04999,81532000
2022-03-23,167.6801,170.07402,165.15818,165.49314,98062700
2022-03-24,171.4828,171.55174,167.68016,168.51752,90131400
2022-03-25,172.1231,172.67478,170.18239,171.29560,80546200
2022-03-28,172.9900,173.11809,169.44354,169.61101,90371900
2022-03-29,176.3001,176.34932,173.71901,174.06381,100589400
2022-03-30,175.1278,176.94044,174.07369,175.89620,92633200
2022-03-31,172.0147,175.38389,171.80784,175.19671,103049300
2022-04-01,171.7192,172.28076,169.38445,171.44339,78751300
2022-04-04,175.7878,175.83709,171.84728,171.97535,76468400
2022-04-05,172.4580,175.64989,171.82755,174.86177,73401800
2022-04-06,169.2761,171.04931,167.60133,169.79818,89058800
2022-04-07,169.5814,170.78330,167.32548,168.61601,77594700
2022-04-08,167.5619,169.22679,166.68513,169.22679,76575500
2022-04-11,163.2864,166.51767,163.04014,166.20243,72246700
2022-04-12,165.1681,167.34520,164.16322,165.52271,79265200
2022-04-13,167.8673,168.49780,164.29127,164.90205,70618900
2022-04-14,162.8333,168.72438,162.58697,168.08403,75329400
2022-04-18,162.6165,164.12380,161.13884,161.48363,69023900
2022-04-19,164.9119,165.32564,161.47375,162.56725,67723800
2022-04-20,164.7444,166.36992,163.63124,166.25169,67929800
2022-04-21,163.9465,168.98052,163.44406,166.39947,87227800
2022-04-22,159.3853,165.37490,159.09959,163.98587,84882400
2022-04-25,160.4591,160.74477,156.10479,158.72524,96046400
2022-04-26,154.4695,159.92710,154.39064,159.83844,95623200
2022-04-27,154.2429,157.41500,153.07056,153.59268,88063200
2022-04-28,161.2078,162.07472,156.56779,156.88304,130216800
2022-04-29,155.3068,163.72975,154.91277,159.43455,131747600
2022-05-02,155.6122,155.87817,150.99190,154.38078,123055300
2022-05-03,157.1096,158.32133,153.99658,155.79937,88966500
2022-05-04,163.5524,164.00555,156.89286,157.29677,108256500
2022-05-05,154.4399,161.64126,152.64695,161.41468,130525300
2022-05-06,155.1700,157.30098,152.11154,153.91699,116124600
2022-05-09,150.0200,153.73942,149.45764,152.85148,131577900
2022-05-10,152.4371,154.63723,150.87833,153.43359,115366700
2022-05-11,144.5346,153.36453,143.85386,151.44070,142689800
2022-05-12,140.6474,144.23860,136.93788,140.85462,182602000
2022-05-13,145.1364,146.11315,141.19009,142.65023,113990900
2022-05-16,143.5874,145.54090,142.24569,143.59732,86643800
2022-05-17,147.2378,147.76070,144.71214,146.86290,78336300
2022-05-18,138.9308,145.38306,138.02313,144.87990,109742900
2022-05-19,135.5074,139.75955,134.76743,138.00343,136095600
2022-05-20,135.7441,138.81240,130.83094,137.22400,137426100
2022-05-23,141.1901,141.33806,135.80332,135.94144,117726300
2022-05-24,138.4769,140.06534,135.48760,138.92090,104132700
2022-05-25,138.6348,139.88778,136.48407,136.57285,92482700
2022-05-26,141.8511,142.40356,135.30016,135.54680,90601500
2022-05-27,147.6325,147.67193,143.31123,143.43949,90978500
2022-05-31,146.8432,148.63878,144.87002,147.07011,103718400
2022-06-01,146.7149,149.70427,145.69872,147.88894,74286600
2022-06-02,149.1814,149.24062,144.88978,145.84677,72348100
2022-06-03,143.4296,145.98488,142.52197,144.92922,88570300
2022-06-06,144.1794,146.57682,142.95604,145.05747,71598400
2022-06-07,146.7149,147.00102,142.16677,142.41341,67808200
2022-06-08,145.9750,147.85940,145.48174,146.58671,53950200
2022-06-09,140.7264,145.96512,140.61784,145.10680,69473000
2022-06-10,135.2903,138.87160,135.22125,138.39805,91437900
2022-06-13,130.1107,133.38618,129.67663,131.08744,122207100
2022-06-14,130.9789,132.09377,129.71610,131.34397,84784300
2022-06-15,133.6131,135.49748,130.38698,132.48839,91533000
2022-06-16,128.3152,130.61390,127.30883,130.30806,108123900
2022-06-17,129.7950,131.29464,128.06851,128.32503,134520300
2022-06-21,134.0472,135.22125,131.53143,131.63008,81000500
2022-06-22,133.5342,135.91182,132.11348,132.98166,73409200
2022-06-23,136.4150,136.73069,133.81041,134.98445,72433800
2022-06-24,139.7595,140.00615,137.89486,138.02311,89116800
2022-06-27,139.7595,141.56496,139.07876,140.78555,70207900
2022-06-28,135.5961,141.49592,135.47776,140.22323,67083400
2022-06-29,137.3621,138.78279,134.83645,135.61586,66242400
2022-06-30,134.8858,136.51366,131.97538,135.40869,98964500
2022-07-01,137.0661,137.17467,133.84003,134.21492,71051600
2022-07-05,139.6608,139.71018,135.09295,135.92170,73353800
2022-07-06,141.0026,142.18652,139.18731,139.45370,74064300
2022-07-07,144.3866,144.58394,141.35781,141.36767,66253700
2022-07-08,145.0673,145.57050,143.05471,143.31122,64547800
2022-07-11,142.9265,144.67271,141.85108,143.71572,63141600
2022-07-12,143.9032,146.45843,143.10405,143.80452,77588800
2022-07-13,143.5381,144.48526,140.21335,141.07169,71185600
2022-07-14,146.4781,146.95171,141.32818,142.14705,78140700
2022-07-15,148.1553,148.83610,146.21178,147.77058,76259900
2022-07-18,145.0969,149.53657,144.73189,148.71770,81420900
2022-07-19,148.9742,149.20114,144.93910,145.93555,82982400
2022-07-20,150.9869,151.65776,148.35270,149.09264,64823400
2022-07-21,153.2659,153.48290,149.90160,152.42725,65086600
2022-07-22,152.0228,154.18339,151.35190,153.30533,66675400
2022-07-25,150.8981,152.96001,150.23705,151.94383,53623900
2022-07-26,149.5662,151.03619,148.77692,150.21733,55138700
2022-07-27,154.6865,155.21930,150.11866,150.53303,78620700
2022-07-28,155.2390,155.52512,152.33845,154.87397,81378700
2022-07-29,160.3298,161.43477,157.36018,159.07684,101786900
2022-08-01,159.3432,161.39531,158.73154,158.84992,67829400
2022-08-02,157.8633,160.23114,157.48844,157.95213,59907000
2022-08-03,163.9013,164.35508,158.59343,158.68222,82507500
2022-08-04,163.5855,164.94700,162.22402,163.78282,55474100
2022-08-05,163.3583,163.85230,161.03662,161.24410,56697000
2022-08-08,162.8841,165.78868,162.22217,164.36603,60276900
2022-08-09,162.9335,163.82266,161.28360,162.04433,63135500
2022-08-10,167.2015,167.30025,164.88964,165.66024,70170500
2022-08-11,166.4605,168.93038,166.16411,168.01158,57149200
2022-08-12,170.0270,170.09614,167.35950,167.77446,68039400
2022-08-15,171.1039,171.30144,169.28602,169.45397,54091700
2022-08-16,170.9458,171.61760,169.59229,170.69880,56377100
2022-08-17,172.4475,174.02821,170.49135,170.68894,79542000
2022-08-18,172.0523,172.79327,171.03471,171.65713,62290100
2022-08-19,169.4540,171.64722,169.24649,170.94577,70346300
2022-08-22,165.5516,167.81398,165.12675,167.64603,69026800
2022-08-23,165.2157,166.67785,164.64265,165.06748,54147100
2022-08-24,165.5121,166.08507,164.24747,165.30459,53841500
2022-08-25,167.9819,168.09058,166.32215,166.74696,51218200
2022-08-26,161.6491,168.98965,161.58986,168.51544,78961000
2022-08-29,159.4361,160.93779,157.89490,159.20887,73314000
2022-08-30,156.9959,160.60191,155.82021,160.17710,77906200
2022-08-31,155.3262,158.64578,155.24721,158.37902,87991100
2022-09-01,156.0573,156.51178,152.80695,154.75322,74229900
2022-09-02,153.9332,158.42839,153.10332,157.82574,76957800
2022-09-06,152.6686,155.19780,151.83876,154.58527,73714800
2022-09-07,154.0814,154.78286,151.75972,152.95515,87449600
2022-09-08,152.5995,154.47661,150.84093,152.77733,84923800
2022-09-09,155.4744,155.91897,152.88594,153.59727,68028800
2022-09-12,161.4614,162.28145,157.38120,157.66770,104956000
2022-09-13,151.9869,158.60623,151.52260,157.97394,122656600
2022-09-14,153.4392,155.20769,151.75972,152.92550,87965400
2022-09-15,150.5346,153.37006,149.55656,152.78716,90481100
2022-09-16,148.8847,149.52691,146.58280,149.38860,162278800
2022-09-19,152.6192,152.69827,147.30405,147.51151,81474200
2022-09-20,155.0101,156.17587,151.23609,151.55223,107689800
2022-09-21,151.8684,156.82793,151.74984,155.44478,101696800
2022-09-22,150.9002,152.60936,149.09225,150.54454,86652500
2022-09-23,148.6180,149.64551,146.77056,149.36888,96029900
2022-09-26,148.9539,151.91780,147.83754,147.85730,93339400
2022-09-27,149.9320,152.85633,148.14378,150.90018,84442700
2022-09-28,148.0351,148.82548,143.09534,145.86161,146691400
2022-09-29,140.7637,144.95268,138.98543,144.34015,128138200
2022-09-30,136.5353,141.37629,136.33772,139.57821,124925300
2022-10-03,140.7341,141.34667,136.03147,136.54521,114311700
2022-10-04,144.3402,144.45873,142.52233,143.28306,87830100
2022-10-05,144.6365,145.60474,141.28737,142.33461,79471000
2022-10-06,143.6782,145.76282,143.47078,144.05367,68402200
2022-10-07,138.4026,141.37633,137.77028,140.82306,85925600
2022-10-10,138.7286,140.18090,136.90090,138.72861,74899000
2022-10-11,137.3060,139.64742,136.55511,138.21487,77033700
2022-10-12,136.6736,138.66932,136.49582,137.45414,70433700
2022-10-13,141.2676,141.86040,132.75146,133.36400,113224000
2022-10-14,136.7132,142.77921,136.52545,142.57173,88598000
2022-10-17,140.6946,141.17870,138.58039,139.37076,85250900
2022-10-18,142.0185,144.93296,138.91632,143.73754,99136600
2022-10-19,142.1271,143.20400,139.79556,139.98328,61758300
2022-10-20,141.6628,144.13270,140.93172,141.29727,64522000
2022-10-21,145.4961,146.06911,140.93173,141.14908,86548600
2022-10-24,147.6498,148.42044,144.24140,145.41707,75981900
2022-10-25,150.5050,150.65322,147.56092,148.28212,74732300
2022-10-26,147.5510,150.15922,146.25679,149.14163,88194300
2022-10-27,143.0559,147.25467,142.39393,146.28648,109180200
2022-10-28,153.8640,155.60284,146.03945,146.41486,164762400
2022-10-31,151.4930,152.38213,150.09007,151.31514,97943200
2022-11-01,148.8354,153.57757,147.33371,153.21204,80379300
2022-11-02,143.2831,150.33705,143.25341,147.15583,93604600
2022-11-03,137.2071,141.07992,137.07870,140.34883,97918500
2022-11-04,136.9399,141.18529,132.98157,140.61132,140814800
2022-11-07,137.4743,137.70194,134.25816,135.68317,83374600
2022-11-08,138.0483,139.95820,136.05922,138.94883,89908500
2022-11-09,133.4665,137.10817,133.18938,137.05869,74917800
2022-11-10,145.3416,145.34160,138.04830,139.77020,118854000
2022-11-11,148.1422,148.44892,142.86762,144.30254,93979700
2022-11-14,146.7369,148.71609,145.89575,147.41973,73374100
2022-11-15,148.4786,151.99165,147.01400,150.63591,89868300
2022-11-16,147.2416,148.31039,145.75723,147.57810,64218300
2022-11-17,149.1516,149.90364,144.62910,144.90619,80389400
2022-11-18,149.7156,151.11095,148.40937,150.72501,74829600
2022-11-21,146.4697,148.80518,146.18277,148.59738,58724100
2022-11-22,148.6172,148.85466,145.40098,146.58850,51804100
2022-11-23,149.4979,150.25000,147.78590,147.89476,58301400
2022-11-25,146.5687,147.33069,145.58899,146.76661,35195900
2022-11-28,142.7192,145.11399,141.88792,143.62960,69246000
2022-11-29,139.7009,143.30303,138.88945,142.78844,83763800
2022-11-30,146.4895,147.17235,139.08738,139.92852,111380900
2022-12-01,146.7666,147.57808,145.08430,146.66765,71250400
2022-12-02,146.2718,146.45986,144.13431,144.44110,65447400
2022-12-05,145.1041,149.34946,144.25306,146.23225,68826400
2022-12-06,141.4228,145.76710,140.44309,145.53950,64727200
2022-12-07,139.4733,141.87800,138.54308,140.71029,69721100
2022-12-08,141.1655,142.02647,139.63165,140.87854,62128300
2022-12-09,140.6806,144.05514,139.43372,140.85874,76097000
2022-12-12,142.9864,142.99628,139.59208,141.21501,70462700
2022-12-13,143.9562,148.40935,142.73898,147.94424,93886200
2022-12-14,141.7197,145.13379,139.69103,143.83743,82291200
2022-12-15,135.0795,140.32438,134.61442,139.64156,98931900
2022-12-16,133.1102,136.21754,132.33833,135.26754,160156900
2022-12-19,130.9925,133.79303,129.95342,133.70397,79592600
2022-12-20,130.9232,131.86333,128.53829,130.02268,77432800
2022-12-21,134.0405,135.38630,131.36855,131.59615,85928000
2022-12-22,130.8539,133.15968,128.94402,132.95188,77852100
2022-12-23,130.4878,131.04198,128.29091,129.55759,63814900
2022-12-27,128.6768,130.04249,127.38048,130.01281,69007800
2022-12-28,124.7284,129.66643,124.56013,128.32058,85438400
2022-12-29,128.2612,129.12216,126.40078,126.65807,75703700
2022-12-30,128.5779,128.59769,126.10392,127.07372,77034200
2023-01-03,123.7684,129.53777,122.87781,128.92423,112117500
2023-01-04,125.0450,127.32110,123.77836,125.56952,89113600
2023-01-05,123.7190,126.44036,123.46169,125.80702,80962700
2023-01-06,128.2711,128.93411,123.59032,124.69866,87754700
2023-01-09,128.7956,132.02166,128.53829,129.11226,70790800
2023-01-10,129.3696,129.89404,126.78671,128.90444,63896200
2023-01-11,132.1008,132.12061,129.10236,129.88414,69458900
2023-01-12,132.0217,132.86281,130.07217,132.48678,71379600
2023-01-13,133.3576,133.51594,130.28987,130.65602,57809700
2023-01-17,134.5254,135.86130,132.73420,133.42691,63646600
2023-01-18,133.8029,137.16754,133.62480,135.39618,69672800
2023-01-19,133.8623,134.83212,132.37793,132.68470,58280400
2023-01-20,136.4352,136.58367,132.82322,133.87218,80223600
2023-01-23,139.6415,141.82853,136.46492,136.68264,81760300
2023-01-24,141.0468,141.67022,138.83998,138.84987,66435100
2023-01-25,140.3837,140.94777,137.36545,139.42381,65799300
2023-01-26,142.4619,142.74884,140.42329,141.68008,54105100
2023-01-27,144.4114,145.69785,141.59104,141.67021,70555800
2023-01-30,141.5119,144.03532,141.36342,143.45147,64015300
2023-01-31,142.7884,142.83790,140.79934,141.21497,65874500
2023-02-01,143.9166,145.08431,139.84937,142.47178,77663600
2023-02-02,149.2505,149.60674,146.62807,147.35047,118339000
2023-02-03,152.8922,155.74225,146.29162,146.48954,154357300
2023-02-06,150.1510,151.50675,149.21089,150.98227,69858300
2023-02-07,153.0406,153.61462,149.07238,149.07238,83322600
2023-02-08,150.3391,152.97139,149.59687,152.27868,64120100
2023-02-09,149.3000,152.72397,148.85466,152.17969,56007100
2023-02-10,149.6667,149.99375,147.89262,148.13049,57450700
2023-02-13,152.4814,152.88776,149.57747,149.60720,62199000
2023-02-14,151.8372,152.40214,149.51802,150.76681,61707600
2023-02-15,153.9483,154.11674,151.52005,151.74800,65573800
2023-02-16,152.3427,154.93937,151.98588,152.14445,68167900
2023-02-17,151.1930,151.63899,149.50812,150.99478,59144100
2023-02-21,147.1592,149.95410,147.08981,148.86388,58867200
2023-02-22,147.5854,148.61610,145.85092,147.54571,51011300
2023-02-23,148.0710,149.00264,145.93023,148.75486,48394200
2023-02-24,145.4049,145.88065,144.42372,145.80136,55469600
2023-02-27,146.6042,147.84305,146.13835,146.39605,44998500
2023-02-28,146.0987,147.75385,145.52387,145.74191,50547000
2023-03-01,144.0174,145.92030,143.72005,145.52386,55479000
2023-03-02,144.6121,145.40496,142.61995,143.09569,52238100
2023-03-03,149.6865,149.76578,146.01941,146.72309,70732300
2023-03-06,152.4616,154.90962,152.09489,152.42194,87558000
2023-03-07,150.2514,152.65981,149.78561,152.33274,56182000
2023-03-08,151.5101,152.10482,150.47941,151.45068,47204800
2023-03-09,149.2504,153.16529,148.89363,152.19401,53833600
2023-03-10,147.1790,149.59731,146.29693,148.87381,68572400
2023-03-13,149.1315,151.77773,146.38612,146.49514,84457100
2023-03-14,151.2326,152.03541,148.76478,149.93428,73695900
2023-03-15,151.6291,151.88676,148.58638,149.84508,77167900
2023-03-16,154.4637,155.06824,150.29111,150.80649,76161100
2023-03-17,153.6212,155.34571,152.90759,154.69158,98944600
2023-03-20,155.9998,156.41611,152.77874,153.69057,73641400
2023-03-21,157.8631,157.98204,155.14748,155.92056,73938300
2023-03-22,156.4260,160.69768,156.40620,157.88295,75701800
2023-03-23,157.5162,160.11292,156.27734,157.41712,67622100
2023-03-24,158.8245,158.91369,156.44585,157.44686,59196500
2023-03-27,156.8720,159.33986,156.46565,158.51725,52390300
2023-03-28,156.2476,157.08014,154.59246,156.56477,45992200
2023-03-29,159.3399,159.61737,157.93249,157.95230,51305700
2023-03-30,160.9157,161.02475,159.83543,160.09311,49501700
2023-03-31,163.4331,163.53224,160.46973,160.99501,68749800
2023-04-03,164.6918,164.81075,162.75917,162.80873,56976200
2023-04-04,164.1566,165.35587,163.64127,165.11802,46278300
2023-04-05,162.3033,163.58179,160.36070,163.27455,51511700
2023-04-06,163.1953,163.49260,160.55893,160.98509,45390100
2023-04-10,160.5887,160.58865,158.65600,159.98408,47716900
2023-04-11,159.3696,160.91573,159.08218,160.90583,47644200
2023-04-12,158.6758,160.61840,158.35868,159.78587,50133100
2023-04-13,164.0872,164.32512,159.98408,160.19222,68445600
2023-04-14,163.7404,164.84050,162.36274,163.12588,49386500
2023-04-17,163.7602,163.91877,162.57087,163.62144,41516200
2023-04-18,164.9892,165.92081,164.17645,164.62246,49923000
2023-04-19,166.1388,166.66412,164.06742,164.32512,47720200
2023-04-20,165.1675,166.37669,164.08724,164.61253,52456400
2023-04-21,163.5521,164.96934,163.02678,163.58179,58337300
2023-04-24,163.8593,164.12690,162.43211,163.53223,41949600
2023-04-25,162.3132,164.83057,162.27352,163.72054,48714100
2023-04-26,162.3033,163.80974,161.35180,161.60948,45498800
2023-04-27,166.9119,167.06057,163.72055,163.72055,64902300
2023-04-28,168.1706,168.33909,166.38662,166.99119,55209200
2023-05-01,168.0814,168.93376,167.13986,167.77417,52472900
2023-05-02,167.0407,168.83464,166.04962,168.57694,48425700
2023-05-03,165.9604,169.39957,165.67302,167.99220,65136000
2023-05-04,164.3152,165.55410,162.84839,163.42323,81235400
2023-05-05,172.0260,172.74952,169.24100,169.45904,113316400
2023-05-08,171.9566,172.30351,170.57898,170.94569,55962800
2023-05-09,170.2420,171.99626,170.07353,171.51063,45326900
2023-05-10,172.0161,172.48190,170.37085,171.48089,53724500
2023-05-11,172.2044,173.03693,170.63846,172.30352,49514700
2023-05-12,171.2715,172.75025,169.71328,172.31356,45497800
2023-05-15,170.7752,171.90664,170.17973,171.85702,37266700
2023-05-16,170.7752,171.83716,170.50725,170.69582,42110300
2023-05-17,171.3906,171.62875,169.13764,170.41794,57951600
2023-05-18,173.7328,173.92138,171.28139,171.69823,65496700
2023-05-19,173.8420,175.06272,173.62363,175.06272,55772400
2023-05-22,172.8892,173.39536,172.14483,172.67084,43570900
2023-05-23,170.2691,172.07537,169.99117,171.82725,50747300
2023-05-24,170.5470,171.12260,169.23691,169.80261,45143500
2023-05-25,171.6883,172.59143,170.39807,171.11266,56058300
2023-05-26,174.1100,174.44741,171.80742,172.01585,54835000
2023-05-30,175.9659,177.64317,175.24138,175.62844,55964400
2023-05-31,175.9163,178.00046,175.42994,175.99566,99625300
2023-06-01,178.7349,178.76465,175.59865,176.36286,68901800
2023-06-02,179.5884,180.41217,177.91112,179.66781,61945900
2023-06-05,178.2287,183.55830,176.70029,181.25577,121946500
2023-06-06,177.8615,178.76464,176.09488,178.61577,64848400
2023-06-07,176.4820,179.84647,175.98574,177.09731,61944600
2023-06-08,179.2113,179.47923,176.12467,176.56135,50214900
2023-06-09,179.5984,180.85879,179.27084,180.13429,48870700
2023-06-12,182.4070,182.50630,179.60827,179.90602,54274900
2023-06-13,181.9307,182.76434,181.06722,181.42451,54929100
2023-06-14,182.5659,183.00255,180.65039,181.99022,57462900
2023-06-15,184.6103,185.11649,182.39711,182.57576,65433200
2023-06-16,183.5285,185.58297,182.88343,185.32491,101235600
2023-06-20,183.6179,184.69967,183.02238,183.02238,49799100
2023-06-21,182.5758,184.01486,181.21607,183.50869,49515700
2023-06-22,185.5929,185.64252,182.28795,182.35743,51245300
2023-06-23,185.2753,186.14867,183.61785,184.15380,53079300
2023-06-26,183.8759,186.63500,183.83621,185.42417,48088700
2023-06-27,186.6449,186.97245,184.27291,184.49126,50730800
2023-06-28,187.8260,188.47106,186.18838,186.51588,51216800
2023-06-29,188.1634,188.63981,187.51830,187.65725,46347300
2023-06-30,192.5104,193.01659,189.82082,190.18805,85069600
2023-07-03,191.0118,192.42111,190.31705,192.32185,31458200
2023-07-05,189.8903,191.52790,189.18566,190.12852,46920300
2023-07-06,190.3667,190.57511,187.77632,188.41151,45094300
2023-07-07,189.2452,191.22022,188.80852,189.96971,46778000
2023-07-10,187.1908,188.56039,185.63257,187.83587,59922200
2023-07-11,186.6647,187.87557,185.19589,187.73662,46638100
2023-07-12,188.3421,190.25753,187.05184,188.25272,60750200
2023-07-13,189.1063,189.75138,188.35199,189.06657,41342300
2023-07-14,189.2551,189.74145,188.20312,188.79860,41573900
2023-07-17,192.5303,192.85779,190.36667,190.45599,50520200
2023-07-18,192.2722,192.86774,190.97211,191.89512,48353800
2023-07-19,193.6319,196.73836,191.20035,191.64698,80507300
2023-07-20,191.6768,194.99164,191.05151,193.62202,59581200
2023-07-21,190.4957,193.50293,189.79106,192.63948,71917800
2023-07-24,191.2996,193.44337,190.80338,191.95466,45377800
2023-07-25,192.1631,192.97691,191.46834,191.87526,37283200
2023-07-26,193.0365,194.16787,191.86534,192.21270,47471900
2023-07-27,191.7661,195.71613,191.10113,194.54502,47460200
2023-07-28,194.3564,195.15043,192.67916,193.20517,48291400
2023-07-31,194.9718,195.01148,193.79072,194.58471,38824100
2023-08-01,194.1381,195.24967,193.81059,194.76337,35175100
2023-08-02,191.1309,193.71132,190.40639,193.57237,50389300
2023-08-03,189.7315,190.92246,189.25511,190.12849,61235200
2023-08-04,180.6206,185.97003,180.55111,184.12403,115799700
2023-08-07,177.5042,181.75202,176.01551,180.75954,97576100
2023-08-08,178.4471,178.91353,176.24377,178.33789,67823000
2023-08-09,176.8492,179.56857,175.67807,179.50902,60378500
2023-08-10,176.6308,179.38992,176.26363,178.12948,54686900
2023-08-11,176.6905,177.51533,175.45814,176.22338,51988100
2023-08-14,178.3501,178.57872,176.21343,176.86935,43675600
2023-08-15,176.3526,178.37000,175.95503,177.77372,43622600
2023-08-16,175.4780,177.43581,175.40844,176.03455,46964900
2023-08-17,172.9239,176.41219,172.40712,176.04448,66062900
2023-08-18,173.4109,174.01712,170.89654,171.23443,61114200
2023-08-21,174.7525,175.04075,172.66553,173.98731,46311900
2023-08-22,176.1339,176.58114,175.15999,175.96498,42084200
2023-08-23,179.9999,180.42721,177.22712,177.41595,52722800
2023-08-24,175.2892,179.97999,174.92146,179.55265,54945800
2023-08-25,177.5054,178.04207,174.73268,176.28303,51449600
2023-08-28,179.0756,179.47316,177.44578,178.97625,43820700
2023-08-29,182.9813,183.75648,178.38989,178.58865,53003900
2023-08-30,186.4895,186.68826,183.59749,183.79625,60813900
2023-08-31,186.7081,187.95038,186.32053,186.67830,60794500
2023-09-01,188.2883,188.74545,187.11559,188.31811,45732600
2023-09-05,188.5268,188.80508,186.44974,187.11559,45280000
2023-09-06,181.7788,187.68208,180.34771,187.23485,81755800
2023-09-07,176.4619,177.10787,172.46674,174.09660,112488800
2023-09-08,177.0781,179.12534,176.69048,177.24703,65551300
2023-09-11,178.2508,179.18495,176.24325,178.95638,58953100
2023-09-12,175.2097,179.01600,173.73884,178.37996,90370200
2023-09-13,173.1326,176.20350,172.90403,175.41838,84267900
2023-09-14,174.6531,175.01091,172.50649,172.92389,60895800
2023-09-15,173.9277,175.40845,172.74503,175.38857,109205100
2023-09-18,176.8694,178.27064,175.08048,175.38856,67257600
2023-09-19,177.9626,178.51910,176.03457,176.42215,51826900
2023-09-20,174.4047,178.58865,174.31524,178.15137,58436200
2023-09-21,172.8543,175.20968,172.78477,173.47050,63047900
2023-09-22,173.7090,175.98486,172.97360,173.58976,56725400
2023-09-25,174.9911,175.87555,173.07299,173.12268,46172700
2023-09-26,170.8965,174.11650,170.59840,173.73886,64588900
2023-09-27,169.3760,171.96984,168.00452,171.55244,66921800
2023-09-28,169.6344,170.96609,166.58336,168.29273,56294400
2023-09-29,170.1512,171.99965,169.28652,170.95614,51814200
2023-10-02,172.6754,173.22205,169.87288,170.16109,52164500
2023-10-03,171.3338,172.55621,169.76359,171.19467,49594600
2023-10-04,172.5860,173.13262,169.91265,170.03190,53020300
2023-10-05,173.8283,174.36492,171.61204,172.71518,48527900
2023-10-06,176.3923,176.88924,172.10898,172.72515,57224100
2023-10-09,177.8830,177.94267,174.71277,175.71652,42390800
2023-10-10,177.2868,178.60853,176.84948,176.99856,43698000
2023-10-11,178.6880,178.73773,176.50164,177.09792,47551100
2023-10-12,179.5924,181.21233,177.93274,178.95638,56743100
2023-10-13,177.7439,180.80487,177.03831,180.29803,51427100
2023-10-16,177.6147,177.97249,175.41838,175.65690,52517000
2023-10-17,176.0544,177.31656,173.71896,175.55751,57549400
2023-10-18,174.7525,176.48178,174.02705,174.49415,54764400
2023-10-19,174.3749,176.74015,174.10654,174.95128,59302900
2023-10-20,171.8108,174.33512,171.57232,174.22580,64189300
2023-10-23,171.9301,172.93383,168.87906,169.85301,55980100
2023-10-24,172.3674,172.59597,170.38970,171.97981,43816600
2023-10-25,170.0419,171.98972,169.59463,170.81703,57157000
2023-10-26,165.8579,170.32013,164.64544,169.31637,70625300
2023-10-27,167.1796,167.91507,165.79824,165.87775,58499100
2023-10-30,169.2368,170.11139,167.82562,167.97470,51131000
2023-10-31,169.7139,169.84307,166.86162,168.30267,44846000
2023-11-01,172.8941,173.15249,169.06791,169.94247,56934900
2023-11-02,176.4718,176.68054,174.37490,174.43452,77334800
2023-11-03,175.5575,175.72647,172.27793,173.16243,79763700
2023-11-06,178.1216,178.32031,175.12024,175.28919,63841300
2023-11-07,180.6956,181.31172,177.86318,178.07187,70530000
2023-11-08,181.7589,182.31548,180.46698,181.22229,49340300
2023-11-09,181.2819,182.98131,180.68560,181.82849,53763500
2023-11-10,185.4913,185.66046,182.63527,183.07313,66133400
2023-11-13,183.8991,185.12306,183.31194,184.91409,43627500
2023-11-14,186.5262,187.19296,185.39179,186.78496,60108400
2023-11-15,187.0934,188.57617,186.86456,186.93422,53790500
2023-11-16,188.7851,190.02905,187.73030,188.64582,54412900
2023-11-17,188.7652,189.45187,187.65069,189.32250,50922700
2023-11-20,190.5166,190.97441,188.95431,188.96426,46505100
2023-11-21,189.7106,190.58630,188.81498,190.47684,38134500
2023-11-22,190.3773,191.98943,189.89968,190.55646,39617700
2023-11-24,189.0439,189.96933,188.32738,189.93948,24048300
2023-11-27,188.8647,189.74045,187.97907,188.99410,40552600
2023-11-28,189.4718,190.14845,188.47663,188.85478,38415400
2023-11-29,188.4468,191.15355,188.04876,189.96935,43014200
2023-11-30,189.0240,189.39218,187.27256,188.91451,48794400
2023-12-01,190.3077,190.62611,188.30747,189.40211,45679300
2023-12-04,188.5065,189.12347,186.53614,189.05381,43389500
2023-12-05,192.4771,193.45227,189.25284,189.28271,66628400
2023-12-06,191.3824,193.81049,191.17342,193.50201,41089700
2023-12-07,193.3229,194.04934,192.64621,192.68603,47477700
2023-12-08,194.7559,195.03452,192.72583,193.25324,53377300
2023-12-11,192.2382,192.54672,190.48681,192.16857,60943700
2023-12-12,193.7608,193.77073,190.78536,192.13873,52696900
2023-12-13,196.9949,197.03473,193.90010,194.13892,70404200
2023-12-14,197.1442,198.64683,195.20371,197.05464,66831600
2023-12-15,196.6068,197.43277,196.03960,196.56701,128256700
2023-12-18,194.9350,195.67141,193.44233,195.13403,55751900
2023-12-19,195.9799,195.98983,194.93500,195.20369,40714100
2023-12-20,193.8802,196.71628,193.88019,195.94009,52242800
2023-12-21,193.7309,196.11920,192.55666,195.14399,46482500
2023-12-22,192.6562,194.45735,192.02924,194.22846,37122800
2023-12-26,192.1089,192.94477,191.88994,192.66614,28919300
2023-12-27,192.2084,192.55666,190.15840,191.55159,48087700
2023-12-28,192.6363,193.71103,192.22829,193.19356,34049900
2023-12-29,191.5914,193.45226,190.79528,192.95470,42628800
2024-01-02,184.7350,187.52132,182.99350,186.23760,82488700
2024-01-03,183.3517,184.97380,182.53574,183.32189,58414500
2024-01-04,181.0232,182.19740,179.99819,181.26198,71983600
2024-01-05,180.2967,181.86901,179.29164,181.10277,62303300
2024-01-08,184.6554,184.69518,180.61516,181.20228,59144500
2024-01-09,184.2374,184.24736,181.83916,183.02336,42841800
2024-01-10,185.2823,185.49126,183.02335,183.45126,46792900
2024-01-11,184.6852,186.13810,182.72481,185.63058,49128400
2024-01-12,185.0136,185.82962,184.28717,185.15293,40444700
2024-01-16,182.7348,183.36171,180.04794,181.27195,65603000
2024-01-17,181.7894,182.03818,179.42101,180.38628,47317400
2024-01-18,187.7104,188.21793,184.92407,185.18279,78005800
2024-01-19,190.6261,191.01423,187.89950,188.40700,68741000
2024-01-22,192.9448,194.37775,191.32270,191.36252,60133900
2024-01-23,194.2285,194.79568,192.88505,194.06925,42355600
2024-01-24,193.5518,195.42263,193.39256,194.46730,53631300
2024-01-25,193.2234,195.31314,192.16854,194.26826,54822100
2024-01-26,191.4819,193.81049,191.00425,193.32289,44594000
2024-01-29,190.7953,191.26301,188.65579,191.07394,47145600
2024-01-30,187.1233,190.86494,186.55605,190.00913,55859400
2024-01-31,183.5010,186.18787,183.45128,186.12815,55467800
2024-02-01,185.9490,186.03859,182.92386,183.09303,64885400
2024-02-02,184.9440,186.41673,178.37612,178.98315,102518000
2024-02-05,186.7650,188.32738,184.93400,187.23274,69668800
2024-02-06,188.3772,188.38710,185.85949,185.94904,43490800
2024-02-07,188.4866,190.11861,187.69050,189.71060,53439000
2024-02-08,187.4019,188.61595,186.43664,188.46669,40962000
2024-02-09,188.1691,189.30503,187.32220,187.96985,45155200
2024-02-12,186.4753,187.98977,186.11655,187.74068,41781900
2024-02-13,184.3729,185.53866,182.84838,185.10024,56529500
2024-02-14,183.4861,184.86110,181.78224,184.65186,54630500
2024-02-15,183.1971,183.82486,180.69618,182.88825,65434500
2024-02-16,181.6527,184.18356,181.01502,182.75871,49701400
2024-02-20,180.9054,181.77227,179.35104,181.13458,53665600
2024-02-21,181.6627,182.23063,180.00867,181.28405,41529700
2024-02-22,183.7053,184.29315,181.80216,182.81847,52292200
2024-02-23,181.8620,184.37286,181.57299,184.34297,45119700
2024-02-26,180.5069,182.10109,179.99870,181.58297,40867400
2024-02-27,181.9716,183.25692,178.91263,180.44709,54318900
2024-02-28,180.7659,182.45980,179.48059,181.85200,48953900
2024-02-29,180.0983,181.91179,178.88274,180.61647,136682600
2024-03-01,179.0123,179.87913,176.74049,178.90266,73488000
2024-03-04,174.4687,176.26220,173.16341,175.51491,81510100
2024-03-05,169.5067,171.41974,169.00847,170.14436,95132400
2024-03-06,168.5103,170.62262,168.07184,170.44326,68587700
2024-03-07,168.3907,170.11446,167.88255,168.54015,71765100
2024-03-08,170.1145,173.07377,168.33093,168.39071,76114600
2024-03-11,172.1272,173.75131,171.42971,172.31650,60139500
2024-03-12,172.6054,173.40256,170.39344,172.52572,59825400
2024-03-13,170.5130,172.56560,170.14435,172.14712,52488700
2024-03-14,172.3763,173.68154,171.42969,172.28659,72913500
2024-03-15,171.9977,171.99765,169.67605,170.55288,121664700
2024-03-18,173.0937,177.06931,172.89441,174.93703,75604200
2024-03-19,175.4452,175.97328,172.40618,173.71146,55215200
2024-03-20,178.0258,178.02582,174.45872,175.08646,53423100
2024-03-21,170.7522,176.85010,170.22406,176.41168,106181300
2024-03-22,171.6589,172.42609,169.44686,171.14073,71106600
2024-03-25,170.2340,171.32011,168.83908,169.95505,54288300
2024-03-26,169.0981,170.80197,168.96861,169.38709,57388400
2024-03-27,172.6852,172.97411,169.49669,169.79561,60273300
2024-03-28,170.8618,171.60905,169.89525,171.13079,65672700
2024-04-01,169.4170,170.63259,168.86897,170.57281,46240500
2024-04-02,168.2313,168.72947,167.62348,168.47042,49329500
2024-04-03,169.0383,170.06463,167.97221,168.18145,47691700
2024-04-04,168.2114,171.30018,168.21136,169.67605,53704400
2024-04-05,168.9686,169.77567,168.34086,168.97856,42055200
2024-04-08,167.8427,168.58998,167.63345,168.42059,37425500
2024-04-09,169.0583,169.46680,167.74304,168.09177,42451200
2024-04-10,167.1751,168.48037,166.50751,168.19142,49709300
2024-04-11,174.4089,174.82742,167.55374,167.73308,91070300
2024-04-12,175.9135,177.71695,173.58192,173.63173,101593300
2024-04-15,172.0674,175.99320,171.87808,174.72777,73531800
2024-04-16,168.7693,173.13353,167.66333,171.13078,73711200
2024-04-17,167.3943,170.03474,167.39430,168.99850,50901200
2024-04-18,166.4377,168.03198,165.94952,167.42418,43122900
2024-04-19,164.4051,165.80007,163.48844,165.61077,67772100
2024-04-22,165.2421,166.65696,164.17595,164.92324,48116400
2024-04-23,166.2983,166.44773,164.32541,164.75386,49537800
2024-04-24,168.4106,168.68962,165.61076,165.93956,48251800
2024-04-25,169.2775,169.99490,167.54376,168.91879,50558300
2024-04-26,168.6896,170.72226,168.57004,169.26753,44838400
2024-04-29,172.8745,175.39534,172.47591,172.74493,68169400
2024-04-30,169.7159,174.35910,169.38708,172.70508,65934800
2024-05-01,168.6896,172.08733,168.50030,168.96861,50383100
2024-05-02,172.4062,172.79477,170.27389,171.88804,94214900
2024-05-03,182.7189,186.32580,182.00145,185.97706,163224100
2024-05-06,181.0549,183.53590,179.76953,181.69258,78569700
2024-05-07,181.7424,184.23337,180.66629,182.78860,77305800
2024-05-08,182.0812,182.40999,180.79582,182.19078,45057100
2024-05-09,183.9046,183.99424,181.45343,181.90181,48983000
2024-05-10,182.6374,184.67282,181.71950,184.48324,50759500
2024-05-13,185.8602,186.67831,184.20389,185.02205,72044800
2024-05-14,187.0076,187.87560,185.87012,187.08737,52393600
2024-05-15,189.2924,190.22030,186.94769,187.48649,70400000
2024-05-16,189.4121,190.66929,189.23254,190.04071,52845200
2024-05-17,189.4421,190.37995,188.75362,189.08287,41282900
2024-05-20,190.6094,191.48744,188.58400,188.90328,44361300
2024-05-21,191.9165,192.29561,190.48969,190.65930,42309400
2024-05-22,190.4697,192.38543,189.84117,191.83666,34648500
2024-05-23,186.4588,190.56951,186.20936,190.54955,51005900
2024-05-24,189.5518,190.15046,187.61617,188.39443,36294600
2024-05-28,189.5618,192.56501,188.67380,191.07836,52280100
2024-05-29,189.8611,191.81670,189.08287,189.18265,53068000
2024-05-30,190.8589,191.74685,190.20036,190.33005,49947900
2024-05-31,191.8167,192.13598,189.48197,191.00852,75158300
2024-06-03,193.5927,194.55051,192.08608,192.46521,50080500
2024-06-04,193.9120,194.87977,192.59492,194.20130,47471400
2024-06-05,195.4285,196.45621,194.43078,194.95959,54156800
2024-06-06,194.0417,196.05711,193.73236,195.24894,41181800
2024-06-07,196.4462,196.49613,193.70244,194.21129,53103900
2024-06-10,192.6847,196.85531,191.71691,196.45620,97262100
2024-06-11,206.6831,206.69309,193.19359,193.21353,172373300
2024-06-12,212.5898,219.70370,206.43368,206.90262,198134300
2024-06-13,213.7571,216.26148,211.12309,214.25601,97862700
2024-06-14,212.0111,214.68503,210.82376,213.36801,70122700
2024-06-17,216.1817,218.45652,212.24056,212.88909,93728300
2024-06-18,213.8070,218.13724,212.51992,217.09957,79943300
2024-06-20,209.2074,213.75715,208.37930,213.44783,86172500
2024-06-21,207.0224,211.41243,206.64321,209.91581,246421400
2024-06-24,207.6709,212.22059,206.12436,207.25182,80727000
2024-06-25,208.5988,210.90358,208.13982,208.67859,56713900
2024-06-26,212.7694,214.37574,210.16525,211.02331,66213200
2024-06-27,213.6175,215.25377,211.87141,214.20613,49772700
2024-06-28,210.1453,215.58301,209.82601,215.28368,82542700
2024-07-01,216.2615,217.01976,211.44236,211.61197,60402900
2024-07-02,219.7735,219.88330,214.61520,215.66282,58046200
2024-07-03,221.0507,221.05066,218.53633,219.50415,37369800
2024-07-05,225.8298,225.93960,221.15042,221.15042,60412400
2024-07-08,227.3065,227.33646,222.74683,226.57817,59085900
2024-07-09,228.1646,228.88296,225.85979,227.41627,48076100
2024-07-10,232.4549,232.55466,228.73329,228.78318,62627700
2024-07-11,227.0571,231.86623,225.26115,230.86848,64710600
2024-07-12,230.0204,232.11566,228.16458,228.40404,53046500
2024-07-15,233.8717,236.69531,232.56464,235.94700,62631300
2024-07-16,234.2908,235.73749,231.80636,234.47034,43234300
2024-07-17,228.3641,230.93832,226.12918,228.93284,57345900
2024-07-18,223.6747,229.92061,221.76903,229.76097,66034600
2024-07-19,223.8044,226.28882,222.77675,224.31329,49151500
2024-07-22,223.4552,227.26661,222.58718,226.49834,48201800
2024-07-23,224.5029,226.42851,222.17810,223.86430,39960300
2024-07-24,218.0474,224.29332,216.64061,223.49512,61777600
2024-07-25,216.9998,220.35224,214.13628,218.43656,51391200
2024-07-26,217.4688,218.99530,215.52313,218.20707,41601300
2024-07-29,217.7481,218.80573,215.26373,216.47101,36311800
2024-07-30,218.3069,219.83340,215.63289,218.69597,41643800
2024-07-31,221.5795,223.31555,220.13274,220.94091,50036300
2024-08-01,217.8678,223.97405,216.53087,223.86429,62501000
2024-08-02,219.3645,225.09152,217.21931,218.65605,105568600
2024-08-05,208.7983,213.01880,195.55824,198.64128,119548600
2024-08-06,206.7629,209.51671,200.61682,204.83728,69660500
2024-08-07,209.3471,213.15849,205.92483,206.43367,63516400
2024-08-08,212.8292,213.71722,208.35933,212.62968,47161100
2024-08-09,215.7526,216.29142,211.49226,211.62197,42201600
2024-08-12,217.2909,219.26876,215.36307,215.83255,38028100
2024-08-13,221.0268,221.64614,218.76930,218.76930,44155300
2024-08-14,221.4763,222.78489,219.45855,220.32760,41960600
2024-08-15,224.4730,225.10235,222.51519,224.35317,46414000
2024-08-16,225.8016,226.58072,223.40420,223.67391,44340200
2024-08-19,225.6418,225.74165,222.79488,225.47194,40687800
2024-08-20,226.2611,226.92034,225.20223,225.52189,30299000
2024-08-21,226.1512,227.72945,224.80268,226.27106,34765500
2024-08-22,224.2832,228.08906,223.65394,227.53966,43695300
2024-08-23,226.5907,227.96919,224.08346,225.41200,38677300
2024-08-26,226.9303,227.03022,223.64395,226.51079,30602200
2024-08-27,227.7794,228.59849,224.64284,225.75162,35934600
2024-08-28,226.2411,229.60738,225.43197,227.66951,38052200
2024-08-29,229.5375,232.66403,228.62847,229.84713,51906300
2024-08-30,228.7483,230.14679,227.23000,229.93703,52990800
2024-09-03,222.5252,228.74833,220.92693,228.29882,50190600
2024-09-04,220.6073,221.53627,217.24099,221.41641,43840200
2024-09-05,222.1356,225.23219,221.27655,221.38643,36615400
2024-09-06,220.5773,224.99247,219.52848,223.70388,48423000
2024-09-09,220.6672,221.02683,216.47184,220.57732,67180000
2024-09-10,219.8681,221.23659,216.49181,218.67941,51591000
2024-09-11,222.4153,222.84482,217.65054,221.21662,44587100
2024-09-12,222.5252,223.30432,219.57842,222.25547,37498200
2024-09-13,222.2555,223.79378,221.66613,223.33429,36766600
2024-09-16,216.0823,216.98128,213.68490,216.30202,59357400
2024-09-17,216.5517,216.66162,214.26427,215.51289,45519300
2024-09-18,220.4475,222.46525,217.30092,217.31092,59894900
2024-09-19,228.6185,229.56744,224.38314,224.74274,66781300
2024-09-20,227.9492,232.83383,227.36984,229.71726,318679900
2024-09-23,226.2211,229.19784,225.56184,227.09015,54146000
2024-09-24,227.1201,229.09795,225.48192,228.39871,43556100
2024-09-25,226.1212,227.04020,223.77381,224.68280,42308700
2024-09-26,227.2700,228.24888,225.16228,227.05020,36636700
2024-09-27,227.5397,229.26777,227.05021,228.20893,34026000
2024-09-30,232.7439,232.74394,229.39762,229.78719,54541900
2024-10-01,225.9614,229.39762,223.49412,229.26777,63285000
2024-10-02,226.5308,227.12012,222.77491,225.64176,32880600
2024-10-03,225.4220,226.56073,223.07457,224.89257,34044200
2024-10-04,226.5508,227.74943,223.88369,227.64953,37245100
2024-10-07,221.4464,225.44197,221.08676,224.25327,39505400
2024-10-08,225.5219,225.73164,223.00465,224.05350,31855700
2024-10-09,229.2877,229.49751,224.58292,224.98247,33591100
2024-10-10,228.7883,229.24779,226.92034,227.52967,28183500
2024-10-11,227.2999,229.15788,227.09015,229.04800,31759200
2024-10-14,231.0458,231.47533,228.34878,228.44866,39882100
2024-10-15,233.5930,237.22900,232.11462,233.35326,64751400
2024-10-16,231.5253,231.86489,229.58740,231.34547,34082200
2024-10-17,231.8949,233.59301,230.26667,233.17346,32993800
2024-10-18,234.7417,235.92043,233.75281,235.92043,46431500
2024-10-21,236.2201,236.58971,234.19234,234.19234,36254500
2024-10-22,235.6008,235.96040,232.34439,233.63296,38846600
2024-10-23,230.5064,234.88158,227.50969,233.82275,52287000
2024-10-24,230.3166,230.56635,228.15899,229.72726,31109500
2024-10-25,231.1557,232.96369,229.31771,229.48752,38802300
2024-10-28,233.1435,234.47203,232.29444,233.06359,36087100
2024-10-29,233.4132,234.07247,232.06469,232.84383,35417200
2024-10-30,229.8471,233.21341,229.29772,232.35436,47070900
2024-10-31,225.6617,229.57742,225.12231,229.08795,64370100
2024-11-01,222.6650,225.10234,220.02793,220.72715,65276700
2024-11-04,221.7660,222.54515,219.46855,220.74714,44944500
2024-11-05,223.2044,223.70387,220.89696,221.55624,28111300
2024-11-06,222.4752,225.82156,220.94692,222.36536,54561100
2024-11-07,227.2300,227.62957,224.32321,224.38314,42137700
2024-11-08,226.9600,228.66000,226.41000,227.17000,38328800
2024-11-11,224.2300,225.70000,221.50000,225.00000,42005600
2024-11-12,224.2300,225.59000,223.36000,224.55000,40398300
2024-11-13,225.1200,226.64999,222.75999,224.00999,48566200
2024-11-14,228.2200,228.87000,225.00000,225.02000,44923900
2024-11-15,225.0000,226.92000,224.27000,226.39999,47923700
2024-11-18,228.0200,229.74001,225.17000,225.25000,44686000
2024-11-19,228.2800,230.16000,226.66000,226.98000,36211800
2024-11-20,229.0000,229.92999,225.89000,228.06000,35169600
2024-11-21,228.5200,230.16000,225.71001,228.88000,42108300
2024-11-22,229.8700,230.72000,228.06000,228.06000,38168300
2024-11-25,232.8700,233.25000,229.74001,231.46001,90152800
2024-11-26,235.0600,235.57001,233.33000,233.33000,45986200
2024-11-27,234.9300,235.69000,233.81000,234.47000,33498400
2024-11-29,237.3300,237.81000,233.97000,234.81000,28481400
2024-12-02,239.5900,240.78999,237.16000,237.27000,48137100
2024-12-03,242.6500,242.75999,238.89999,239.81000,38861000
2024-12-04,243.0100,244.11000,241.25000,242.87000,44383900
2024-12-05,243.0400,244.53999,242.13000,243.99001,40033900
2024-12-06,242.8400,244.63000,242.08000,242.91000,36870600
2024-12-09,246.7500,247.24001,241.75000,241.83000,44649200
2024-12-10,247.7700,248.21001,245.34000,246.89000,36914800
2024-12-11,246.4900,250.80000,246.25999,247.96001,45205800
2024-12-12,247.9600,248.74001,245.67999,246.89000,32777500
2024-12-13,248.1300,249.28999,246.24001,247.82001,33155300
2024-12-16,251.0400,251.38000,247.64999,247.99001,51694800
2024-12-17,253.4800,253.83000,249.78000,250.08000,51356400
2024-12-18,248.0500,254.28000,247.74001,252.16000,56774100
2024-12-19,249.7900,252.00000,247.09000,247.50000,60882300
2024-12-20,254.4900,255.00000,245.69000,248.03999,147495300
2024-12-23,255.2700,255.64999,253.45000,254.77000,40858800
2024-12-24,258.2000,258.20999,255.28999,255.49001,23234700
2024-12-26,259.0200,260.10001,257.63000,258.19000,27237100
2024-12-27,255.5900,258.70001,253.06000,257.82999,42355300
2024-12-30,252.2000,253.50000,250.75000,252.23000,35557500
2024-12-31,250.4200,253.28000,249.42999,252.44000,39480700
2025-01-02,243.8500,249.10001,241.82001,248.92999,55740700
2025-01-03,243.3600,244.17999,241.89000,243.36000,40202700